{
  "className": "Scaffold",
  "na": {
    "appBar": {
      "className": "AppBar",
      "na": {
        "title": {
          "className": "Text",
          "pa": [
            "Fair plugin介绍和使用"
          ]
        }
      }
    },
    "body": {
      "className": "Container",
      "na": {
        "child": {
          "className": "Center",
          "na": {
            "child": {
              "className": "GestureDetector",
              "na": {
                "onTap": "@(callPhone)",
                "child": {
                  "className": "Container",
                  "na": {
                    "height": 50,
                    "width": 100,
                    "alignment": "#(Alignment.center)",
                    "child": {
                      "className": "Text",
                      "pa": [
                        "拨打电话"
                      ]
                    }
                  }
                }
              }
            }
          }
        }
      }
    }
  },
  "methodMap": {}
}