{
  "className": "Scaffold",
  "na": {
    "appBar": {
      "className": "AppBar",
      "na": {
        "title": {
          "className": "Text",
          "pa": [
            "PageView模版"
          ]
        }
      }
    },
    "body": {
      "className": "Sugar.ifEqualBool",
      "pa": [
        "%(isDataEmpty)"
      ],
      "na": {
        "trueValue": {
          "className": "FairFunction",
          "body": {
            "className": "Center",
            "na": {
              "child": {
                "className": "Text",
                "pa": [
                  "加载中..."
                ]
              }
            }
          },
          "tag": "Widget Function()",
          "rt": "Widget"
        },
        "falseValue": {
          "className": "FairFunction",
          "body": {
            "className": "PageView.custom",
            "na": {
              "childrenDelegate": {
                "className": "SliverChildBuilderDelegate",
                "pa": [
                  {
                    "className": "FairFunction",
                    "body": {
                      "className": "Column",
                      "na": {
                        "crossAxisAlignment": "#(CrossAxisAlignment.center)",
                        "children": [
                          {
                            "className": "AspectRatio",
                            "na": {
                              "aspectRatio": 1.5,
                              "child": {
                                "className": "ClipRRect",
                                "na": {
                                  "borderRadius": {
                                    "className": "BorderRadius.all",
                                    "pa": [
                                      {
                                        "className": "Radius.circular",
                                        "pa": [
                                          4.0
                                        ]
                                      }
                                    ]
                                  },
                                  "child": {
                                    "className": "Image.network",
                                    "pa": [
                                      "%(_getImagePath(^(index)))"
                                    ],
                                    "na": {
                                      "fit": "#(BoxFit.cover)"
                                    }
                                  }
                                }
                              }
                            }
                          },
                          {
                            "className": "Text",
                            "pa": [
                              "%(_getText(^(index)))"
                            ]
                          }
                        ]
                      }
                    },
                    "parameters": {
                      "pa": [
                        "context",
                        "index"
                      ]
                    },
                    "tag": "Widget Function(BuildContext, int)",
                    "rt": "Widget"
                  }
                ],
                "na": {
                  "childCount": 3
                }
              }
            }
          },
          "tag": "Widget Function()",
          "rt": "Widget"
        }
      }
    }
  },
  "methodMap": {},
  "digest": "80674ed64aea66f25427bcb5c9ac0c1f"
}