{
  "className": "AspectRatio",
  "na": {
    "aspectRatio": 1.5,
    "child": {
      "className": "ClipRRect",
      "na": {
        "borderRadius": {
          "className": "BorderRadius.all",
          "pa": [
            {
              "className": "Radius.circular",
              "pa": [
                4.0
              ]
            }
          ]
        },
        "child": {
          "className": "Stack",
          "na": {
            "alignment": "#(AlignmentDirectional.center)",
            "children": [
              {
                "className": "Image.asset",
                "pa": [
                  "#(imagePath)"
                ],
                "na": {
                  "fit": "#(BoxFit.cover)"
                }
              },
              {
                "className": "Material",
                "na": {
                  "color": "#(Colors.transparent)",
                  "child": {
                    "className": "InkWell",
                    "na": {
                      "splashColor": "#(AppTheme.greyWithOpacity)",
                      "borderRadius": {
                        "className": "BorderRadius.all",
                        "pa": [
                          {
                            "className": "Radius.circular",
                            "pa": [
                              4.0
                            ]
                          }
                        ]
                      },
                      "onTap": "#(callBack)"
                    }
                  }
                }
              }
            ]
          }
        }
      }
    }
  },
  "methodMap": {},
  "digest": "64a174242555ad03321a5bf34c4aac6f"
}