{
  "className": "Scaffold",
  "na": {
    "appBar": {
      "className": "AppBar",
      "na": {
        "title": {
          "className": "Text",
          "pa": [
            "fair delegate的使用"
          ]
        }
      }
    },
    "body": {
      "className": "ListView.builder",
      "na": {
        "itemBuilder": "@(_itemBuilder)",
        "itemCount": 10
      }
    }
  },
  "methodMap": {
    "_itemBuilder": {
      "className": "Container"
    }
  },
  "digest": "738ff06e1e42523795d77960a016b525"
}