{
  "className": "Scaffold",
  "na": {
    "appBar": {
      "className": "AppBar",
      "na": {
        "title": {
          "className": "Text",
          "pa": [
            "Drawer"
          ]
        }
      }
    },
    "drawer": {
      "className": "Drawer",
      "na": {
        "child": {
          "className": "ListView",
          "na": {
            "children": [
              {
                "className": "DrawerHeader",
                "na": {
                  "decoration": {
                    "className": "BoxDecoration",
                    "na": {
                      "color": "#(Colors.lightBlueAccent)"
                    }
                  },
                  "child": {
                    "className": "Center",
                    "na": {
                      "child": {
                        "className": "SizedBox",
                        "na": {
                          "width": 80.0,
                          "height": 80.0,
                          "child": {
                            "className": "CircleAvatar",
                            "na": {
                              "child": {
                                "className": "Text",
                                "pa": [
                                  "FAIR"
                                ]
                              }
                            }
                          }
                        }
                      }
                    }
                  }
                }
              },
              {
                "className": "ListTile",
                "na": {
                  "leading": {
                    "className": "Icon",
                    "pa": [
                      "#(Icons.phone)"
                    ]
                  },
                  "title": {
                    "className": "Text",
                    "pa": [
                      "电话"
                    ]
                  }
                }
              },
              {
                "className": "ListTile",
                "na": {
                  "leading": {
                    "className": "Icon",
                    "pa": [
                      "#(Icons.email)"
                    ]
                  },
                  "title": {
                    "className": "Text",
                    "pa": [
                      "邮箱"
                    ]
                  }
                }
              },
              {
                "className": "ListTile",
                "na": {
                  "leading": {
                    "className": "Icon",
                    "pa": [
                      "#(Icons.pin_drop_sharp)"
                    ]
                  },
                  "title": {
                    "className": "Text",
                    "pa": [
                      "位置"
                    ]
                  }
                }
              },
              {
                "className": "ListTile",
                "na": {
                  "leading": {
                    "className": "Icon",
                    "pa": [
                      "#(Icons.settings)"
                    ]
                  },
                  "title": {
                    "className": "Text",
                    "pa": [
                      "设置"
                    ]
                  }
                }
              }
            ]
          }
        }
      }
    }
  },
  "methodMap": {}
}