{
  "className": "Scaffold",
  "na": {
    "appBar": {
      "className": "AppBar",
      "na": {
        "title": {
          "className": "Text",
          "pa": [
            "PageOne"
          ]
        }
      }
    },
    "body": {
      "className": "Container",
      "na": {
        "child": {
          "className": "Padding",
          "na": {
            "padding": {
              "className": "EdgeInsets.all",
              "pa": [
                20
              ]
            },
            "child": {
              "className": "Text",
              "pa": [
                "点击右下角按钮跳转到下个页面"
              ]
            }
          }
        }
      }
    },
    "floatingActionButton": {
      "className": "FloatingActionButton",
      "na": {
        "onPressed": {
          "className": "FairFunction",
          "body": {
            "className": "Navigator.pushNamed",
            "pa": [
              "^(context)",
              "fair_page_two"
            ],
            "na": {
              "arguments": {
                "path": "assets/fair/lib_page2page_page_two.fair.json",
                "data": {
                  "title": "PageTwo"
                }
              }
            }
          },
          "tag": "void Function()",
          "rt": "void"
        },
        "tooltip": "Increment",
        "child": {
          "className": "Icon",
          "pa": [
            "#(Icons.arrow_forward_sharp)"
          ]
        }
      }
    }
  },
  "methodMap": {},
  "digest": "9790d0d1bfec1cf55952ccc682614fa2"
}