{
  "className": "Scaffold",
  "na": {
    "appBar": {
      "className": "AppBar",
      "na": {
        "title": {
          "className": "Text",
          "pa": [
            "Fair plugin介绍和使用"
          ]
        }
      }
    },
    "body": {
      "className": "Container",
      "na": {
        "child": {
          "className": "Center",
          "na": {
            "child": {
              "className": "Column",
              "na": {
                "children": [
                  {
                    "className": "Container",
                    "na": {
                      "alignment": "#(Alignment.center)",
                      "child": {
                        "className": "ElevatedButton",
                        "na": {
                          "onPressed": "@(callPhone)",
                          "child": {
                            "className": "Text",
                            "pa": [
                              "拨打电话-基于FairBasicPlugin"
                            ]
                          }
                        }
                      }
                    }
                  },
                  {
                    "className": "Container",
                    "na": {
                      "alignment": "#(Alignment.center)",
                      "child": {
                        "className": "ElevatedButton",
                        "na": {
                          "onPressed": "@(commonHttp)",
                          "child": {
                            "className": "Text",
                            "pa": [
                              "网络请求-基于FairCommonPlugin"
                            ]
                          }
                        }
                      }
                    }
                  }
                ]
              }
            }
          }
        }
      }
    }
  },
  "methodMap": {},
  "digest": "ab9ecc047d381d3f1d8b487133e88972"
}