{
  "className": "Scaffold",
  "na": {
    "appBar": {
      "className": "AppBar",
      "na": {
        "title": {
          "className": "Text",
          "pa": [
            "%(getTitle)"
          ]
        }
      }
    },
    "body": {
      "className": "Center",
      "na": {
        "child": {
          "className": "Column",
          "na": {
            "mainAxisAlignment": "#(MainAxisAlignment.center)",
            "children": [
              {
                "className": "Text",
                "pa": [
                  "You have pushed the button this many times:"
                ]
              },
              {
                "className": "Text",
                "pa": [
                  "#($_counter)"
                ],
                "na": {
                  "style": {
                    "className": "TextStyle",
                    "na": {
                      "fontSize": 40,
                      "color": {
                        "className": "Color",
                        "pa": [
                          "0xffeb4237"
                        ]
                      },
                      "wordSpacing": 0
                    }
                  }
                }
              }
            ]
          }
        }
      }
    },
    "floatingActionButton": {
      "className": "FloatingActionButton",
      "na": {
        "onPressed": "@(_incrementCounter)",
        "tooltip": "Increment",
        "child": {
          "className": "Icon",
          "pa": [
            "#(Icons.add)"
          ]
        }
      }
    }
  },
  "methodMap": {}
}