{
  "className": "Scaffold",
  "na": {
    "appBar": {
      "className": "AppBar",
      "na": {
        "title": {
          "className": "Text",
          "pa": [
            "#(参数：${getTitle()})"
          ]
        }
      }
    },
    "body": {
      "className": "Container",
      "na": {
        "child": {
          "className": "Padding",
          "na": {
            "padding": {
              "className": "EdgeInsets.all",
              "pa": [
                20
              ]
            },
            "child": {
              "className": "Text",
              "pa": [
                "xxxxx"
              ]
            }
          }
        }
      }
    }
  },
  "methodMap": {},
  "digest": "94973711a4be97191459e77c105a6441"
}