{
  "className": "Container",
  "na": {
    "color": "#(AppTheme.nearlyWhite)",
    "child": {
      "className": "SafeArea",
      "na": {
        "top": false,
        "child": {
          "className": "Scaffold",
          "na": {
            "backgroundColor": "#(AppTheme.nearlyWhite)",
            "body": {
              "className": "SingleChildScrollView",
              "na": {
                "child": {
                  "className": "SizedBox",
                  "na": {
                    "height": {
                      "className": "Sugar.height",
                      "pa": [
                        "^(context)"
                      ]
                    },
                    "child": {
                      "className": "Column",
                      "na": {
                        "children": [
                          {
                            "className": "Container",
                            "na": {
                              "padding": {
                                "className": "EdgeInsets.only",
                                "na": {
                                  "top": {
                                    "className": "Sugar.paddingTop",
                                    "pa": [
                                      "^(context)"
                                    ]
                                  },
                                  "left": 16,
                                  "right": 16
                                }
                              },
                              "child": {
                                "className": "Image.asset",
                                "pa": [
                                  "assets/images/feedbackImage.png"
                                ]
                              }
                            }
                          },
                          {
                            "className": "Container",
                            "na": {
                              "padding": {
                                "className": "EdgeInsets.only",
                                "na": {
                                  "top": 8
                                }
                              },
                              "child": {
                                "className": "Text",
                                "pa": [
                                  "Your FeedBack"
                                ],
                                "na": {
                                  "style": {
                                    "className": "TextStyle",
                                    "na": {
                                      "fontSize": 20,
                                      "fontWeight": "#(FontWeight.bold)"
                                    }
                                  }
                                }
                              }
                            }
                          },
                          {
                            "className": "Container",
                            "na": {
                              "padding": {
                                "className": "EdgeInsets.only",
                                "na": {
                                  "top": 16
                                }
                              },
                              "child": {
                                "className": "Text",
                                "pa": [
                                  "Give your best time for this moment."
                                ],
                                "na": {
                                  "textAlign": "#(TextAlign.center)",
                                  "style": {
                                    "className": "TextStyle",
                                    "na": {
                                      "fontSize": 16
                                    }
                                  }
                                }
                              }
                            }
                          },
                          {
                            "className": "ComposerWidget"
                          },
                          {
                            "className": "Padding",
                            "na": {
                              "padding": {
                                "className": "EdgeInsets.only",
                                "na": {
                                  "top": 16
                                }
                              },
                              "child": {
                                "className": "Center",
                                "na": {
                                  "child": {
                                    "className": "Container",
                                    "na": {
                                      "width": 120,
                                      "height": 40,
                                      "decoration": {
                                        "className": "BoxDecoration",
                                        "na": {
                                          "color": "#(Colors.blue)",
                                          "borderRadius": {
                                            "className": "BorderRadius.all",
                                            "pa": [
                                              {
                                                "className": "Radius.circular",
                                                "pa": [
                                                  4.0
                                                ]
                                              }
                                            ]
                                          },
                                          "boxShadow": [
                                            {
                                              "className": "BoxShadow",
                                              "na": {
                                                "color": "#(AppTheme.greyWithOpacity)",
                                                "offset": {
                                                  "className": "Offset",
                                                  "pa": [
                                                    4,
                                                    4
                                                  ]
                                                },
                                                "blurRadius": 8.0
                                              }
                                            }
                                          ]
                                        }
                                      },
                                      "child": {
                                        "className": "Material",
                                        "na": {
                                          "color": "#(Colors.transparent)",
                                          "child": {
                                            "className": "InkWell",
                                            "na": {
                                              "onTap": {
                                                "className": "Sugar.requestFocus",
                                                "pa": [
                                                  "^(context)"
                                                ]
                                              },
                                              "child": {
                                                "className": "Center",
                                                "na": {
                                                  "child": {
                                                    "className": "Padding",
                                                    "na": {
                                                      "padding": {
                                                        "className": "EdgeInsets.all",
                                                        "pa": [
                                                          4.0
                                                        ]
                                                      },
                                                      "child": {
                                                        "className": "Text",
                                                        "pa": [
                                                          "Send"
                                                        ],
                                                        "na": {
                                                          "style": {
                                                            "className": "TextStyle",
                                                            "na": {
                                                              "fontWeight": "#(FontWeight.w500)",
                                                              "color": "#(Colors.white)"
                                                            }
                                                          }
                                                        }
                                                      }
                                                    }
                                                  }
                                                }
                                              }
                                            }
                                          }
                                        }
                                      }
                                    }
                                  }
                                }
                              }
                            }
                          }
                        ]
                      }
                    }
                  }
                }
              }
            }
          }
        }
      }
    }
  },
  "methodMap": {},
  "digest": "64dd74fa53f9620d02f6346bf9e85b73"
}