{
  "className": "Scaffold",
  "na": {
    "appBar": {
      "className": "AppBar",
      "na": {
        "elevation": 0,
        "backgroundColor": "#(Colors.white)",
        "shadowColor": "#(Colors.white)",
        "bottom": {
          "className": "PreferredSize",
          "na": {
            "preferredSize": {
              "className": "Size",
              "pa": [
                {
                  "className": "Sugar.width",
                  "pa": [
                    "^(context)"
                  ]
                },
                44
              ]
            },
            "child": {
              "className": "Material",
              "na": {
                "color": "#(Colors.white)",
                "child": {
                  "className": "Padding",
                  "na": {
                    "padding": {
                      "className": "EdgeInsets.only",
                      "na": {
                        "left": 15,
                        "right": 15,
                        "bottom": 5
                      }
                    },
                    "child": {
                      "className": "TextField",
                      "na": {
                        "decoration": {
                          "className": "InputDecoration",
                          "na": {
                            "prefixIcon": {
                              "className": "Icon",
                              "pa": [
                                "#(Icons.search)"
                              ]
                            },
                            "suffixIcon": {
                              "className": "Icon",
                              "pa": [
                                "#(Icons.settings_input_component)"
                              ]
                            },
                            "contentPadding": {
                              "className": "EdgeInsets.only",
                              "na": {
                                "top": 0,
                                "bottom": 0
                              }
                            },
                            "enabledBorder": {
                              "className": "OutlineInputBorder",
                              "na": {
                                "borderSide": {
                                  "className": "BorderSide",
                                  "na": {
                                    "color": "#(Colors.black12)",
                                    "width": 0.5
                                  }
                                },
                                "borderRadius": {
                                  "className": "BorderRadius.all",
                                  "pa": [
                                    {
                                      "className": "Radius.circular",
                                      "pa": [
                                        10
                                      ]
                                    }
                                  ]
                                }
                              }
                            },
                            "focusedBorder": {
                              "className": "OutlineInputBorder",
                              "na": {
                                "borderSide": {
                                  "className": "BorderSide",
                                  "na": {
                                    "color": "#(Colors.black12)",
                                    "width": 0.5
                                  }
                                },
                                "borderRadius": {
                                  "className": "BorderRadius.all",
                                  "pa": [
                                    {
                                      "className": "Radius.circular",
                                      "pa": [
                                        10
                                      ]
                                    }
                                  ]
                                }
                              }
                            },
                            "border": {
                              "className": "OutlineInputBorder",
                              "na": {
                                "borderSide": {
                                  "className": "BorderSide",
                                  "na": {
                                    "color": "#(Colors.black12)",
                                    "width": 0.5
                                  }
                                },
                                "borderRadius": {
                                  "className": "BorderRadius.all",
                                  "pa": [
                                    {
                                      "className": "Radius.circular",
                                      "pa": [
                                        10
                                      ]
                                    }
                                  ]
                                }
                              }
                            }
                          }
                        }
                      }
                    }
                  }
                }
              }
            }
          }
        }
      }
    },
    "body": {
      "className": "Container",
      "na": {
        "color": "#(Colors.white)",
        "child": {
          "className": "Sugar.ifEqualBool",
          "pa": [
            "%(isDataEmpty)"
          ],
          "na": {
            "trueValue": {
              "className": "Center",
              "na": {
                "child": {
                  "className": "Text",
                  "pa": [
                    "加载中..."
                  ]
                }
              }
            },
            "falseValue": {
              "className": "Sugar.listBuilder",
              "na": {
                "itemCount": "%(dataLength)",
                "itemBuilder": {
                  "className": "SizedBox",
                  "na": {
                    "height": 90.5,
                    "width": {
                      "className": "Sugar.width",
                      "pa": [
                        "^(context)"
                      ]
                    },
                    "child": {
                      "className": "Column",
                      "na": {
                        "children": [
                          {
                            "className": "Row",
                            "na": {
                              "children": [
                                {
                                  "className": "Padding",
                                  "na": {
                                    "padding": {
                                      "className": "EdgeInsets.only",
                                      "na": {
                                        "top": 10,
                                        "left": 15,
                                        "bottom": 10,
                                        "right": 10
                                      }
                                    },
                                    "child": {
                                      "className": "Container",
                                      "na": {
                                        "decoration": {
                                          "className": "BoxDecoration",
                                          "na": {
                                            "borderRadius": {
                                              "className": "BorderRadius.circular",
                                              "pa": [
                                                10
                                              ]
                                            },
                                            "image": {
                                              "className": "DecorationImage",
                                              "na": {
                                                "fit": "#(BoxFit.fitHeight)",
                                                "image": {
                                                  "className": "NetworkImage",
                                                  "pa": [
                                                    "%(_getIcon(^(index)))"
                                                  ]
                                                }
                                              }
                                            }
                                          }
                                        },
                                        "width": 70,
                                        "height": 70
                                      }
                                    }
                                  }
                                },
                                {
                                  "className": "Material",
                                  "na": {
                                    "color": "#(Colors.white)",
                                    "child": {
                                      "className": "Padding",
                                      "na": {
                                        "padding": {
                                          "className": "EdgeInsets.all",
                                          "pa": [
                                            8.0
                                          ]
                                        },
                                        "child": {
                                          "className": "Column",
                                          "na": {
                                            "crossAxisAlignment": "#(CrossAxisAlignment.start)",
                                            "mainAxisAlignment": "#(MainAxisAlignment.center)",
                                            "children": [
                                              {
                                                "className": "Text",
                                                "pa": [
                                                  "%(_getTitle(^(index)))"
                                                ],
                                                "na": {
                                                  "textAlign": "#(TextAlign.left)",
                                                  "style": {
                                                    "className": "TextStyle",
                                                    "na": {
                                                      "fontSize": 15,
                                                      "fontWeight": "#(FontWeight.bold)",
                                                      "color": "#(Colors.black)"
                                                    }
                                                  }
                                                }
                                              },
                                              {
                                                "className": "Text",
                                                "pa": [
                                                  "%(_getSubTitle(^(index)))"
                                                ],
                                                "na": {
                                                  "style": {
                                                    "className": "TextStyle",
                                                    "na": {
                                                      "fontSize": 13,
                                                      "fontWeight": "#(FontWeight.normal)",
                                                      "color": "#(Colors.black26)"
                                                    }
                                                  }
                                                }
                                              },
                                              {
                                                "className": "Text",
                                                "pa": [
                                                  "%(_getDistance(^(index)))"
                                                ],
                                                "na": {
                                                  "style": {
                                                    "className": "TextStyle",
                                                    "na": {
                                                      "fontSize": 13,
                                                      "fontWeight": "#(FontWeight.w700)",
                                                      "color": "#(Colors.deepPurple)"
                                                    }
                                                  }
                                                }
                                              }
                                            ]
                                          }
                                        }
                                      }
                                    }
                                  }
                                },
                                {
                                  "className": "Expanded",
                                  "na": {
                                    "child": {
                                      "className": "SizedBox"
                                    }
                                  }
                                },
                                {
                                  "className": "Padding",
                                  "na": {
                                    "padding": {
                                      "className": "EdgeInsets.only",
                                      "na": {
                                        "right": 15
                                      }
                                    },
                                    "child": {
                                      "className": "Icon",
                                      "pa": [
                                        "#(Icons.chevron_right_rounded)"
                                      ]
                                    }
                                  }
                                }
                              ]
                            }
                          },
                          {
                            "className": "Padding",
                            "na": {
                              "padding": {
                                "className": "EdgeInsets.only",
                                "na": {
                                  "left": 15.0,
                                  "right": 15.0
                                }
                              },
                              "child": {
                                "className": "Container",
                                "na": {
                                  "color": "#(Colors.black12)",
                                  "height": 0.5,
                                  "width": {
                                    "className": "Sugar.width",
                                    "pa": [
                                      "^(context)"
                                    ]
                                  }
                                }
                              }
                            }
                          }
                        ]
                      }
                    }
                  },
                  "functionParameters": {
                    "pa": [
                      "context",
                      "index"
                    ]
                  }
                }
              }
            }
          }
        }
      }
    }
  },
  "methodMap": {}
}