{
  "className": "Scaffold",
  "na": {
    "appBar": {
      "className": "AppBar",
      "na": {
        "title": {
          "className": "Text",
          "pa": [
            "FairBinding 注解演示"
          ]
        }
      }
    },
    "body": {
      "className": "Center",
      "na": {
        "child": {
          "className": "Column",
          "na": {
            "mainAxisAlignment": "#(MainAxisAlignment.center)",
            "children": [
              {
                "className": "Text",
                "pa": [
                  "Hello World！"
                ]
              },
              {
                "className": "FairBindingWidget"
              }
            ]
          }
        }
      }
    }
  },
  "methodMap": {},
  "digest": "19acbe84f2fc9b1af2a72025d735b39a"
}