{
  "className": "Scaffold",
  "na": {
    "body": {
      "className": "Sugar.ifEqualBool",
      "pa": [
        "%(isDataEmpty)"
      ],
      "na": {
        "trueValue": {
          "className": "FairFunction",
          "body": {
            "className": "Center",
            "na": {
              "child": {
                "className": "Text",
                "pa": [
                  "加载中..."
                ]
              }
            }
          },
          "tag": "Widget Function()",
          "rt": "Widget"
        },
        "falseValue": {
          "className": "FairFunction",
          "body": {
            "className": "CustomScrollView",
            "na": {
              "slivers": [
                {
                  "className": "SliverAppBar",
                  "na": {
                    "title": {
                      "className": "Text",
                      "pa": [
                        "CustomScrollView模版"
                      ]
                    }
                  }
                },
                {
                  "className": "SliverToBoxAdapter",
                  "na": {
                    "child": {
                      "className": "Container",
                      "na": {
                        "margin": {
                          "className": "EdgeInsets.symmetric",
                          "na": {
                            "vertical": 15
                          }
                        },
                        "child": {
                          "className": "Text",
                          "pa": [
                            "Flutter Best UI x Fair 最佳实践"
                          ],
                          "na": {
                            "style": {
                              "className": "TextStyle",
                              "na": {
                                "color": "#(Colors.black87)",
                                "fontWeight": "#(FontWeight.w600)",
                                "fontSize": 24
                              }
                            }
                          }
                        }
                      }
                    }
                  }
                },
                {
                  "className": "SliverGrid",
                  "na": {
                    "gridDelegate": {
                      "className": "Sugar.sliverGridDelegateWithFixedCrossAxisCount",
                      "na": {
                        "crossAxisCount": 2,
                        "mainAxisSpacing": 10.0,
                        "crossAxisSpacing": 10.0,
                        "childAspectRatio": 2.0
                      }
                    },
                    "delegate": {
                      "className": "SliverChildBuilderDelegate",
                      "pa": [
                        {
                          "className": "Sugar.nullableIndexedWidgetBuilder",
                          "pa": [
                            {
                              "className": "FairFunction",
                              "body": {
                                "className": "GestureDetector",
                                "na": {
                                  "onTap": "@(_onTapIndex(^(index)))",
                                  "child": {
                                    "className": "AspectRatio",
                                    "na": {
                                      "aspectRatio": 1.5,
                                      "child": {
                                        "className": "ClipRRect",
                                        "na": {
                                          "borderRadius": {
                                            "className": "BorderRadius.all",
                                            "pa": [
                                              {
                                                "className": "Radius.circular",
                                                "pa": [
                                                  4.0
                                                ]
                                              }
                                            ]
                                          },
                                          "child": {
                                            "className": "Image.network",
                                            "pa": [
                                              "%(_getImagePath(^(index)))"
                                            ],
                                            "na": {
                                              "fit": "#(BoxFit.cover)"
                                            }
                                          }
                                        }
                                      }
                                    }
                                  }
                                }
                              },
                              "parameters": {
                                "pa": [
                                  "context",
                                  "index"
                                ]
                              },
                              "tag": "Widget Function(BuildContext, int)",
                              "rt": "Widget"
                            }
                          ]
                        }
                      ],
                      "na": {
                        "childCount": 4
                      }
                    }
                  }
                },
                {
                  "className": "SliverList",
                  "na": {
                    "delegate": {
                      "className": "SliverChildBuilderDelegate",
                      "pa": [
                        {
                          "className": "Sugar.nullableIndexedWidgetBuilder",
                          "pa": [
                            {
                              "className": "FairFunction",
                              "body": {
                                "className": "AspectRatio",
                                "na": {
                                  "aspectRatio": 1.5,
                                  "child": {
                                    "className": "ClipRRect",
                                    "na": {
                                      "borderRadius": {
                                        "className": "BorderRadius.all",
                                        "pa": [
                                          {
                                            "className": "Radius.circular",
                                            "pa": [
                                              4.0
                                            ]
                                          }
                                        ]
                                      },
                                      "child": {
                                        "className": "Image.network",
                                        "pa": [
                                          "%(_getImagePath(^(index)))"
                                        ],
                                        "na": {
                                          "fit": "#(BoxFit.cover)"
                                        }
                                      }
                                    }
                                  }
                                }
                              },
                              "parameters": {
                                "pa": [
                                  "context",
                                  "index"
                                ]
                              },
                              "tag": "Widget Function(BuildContext, int)",
                              "rt": "Widget"
                            }
                          ]
                        }
                      ],
                      "na": {
                        "childCount": 3
                      }
                    }
                  }
                }
              ]
            }
          },
          "tag": "Widget Function()",
          "rt": "Widget"
        }
      }
    }
  },
  "methodMap": {}
}