{
  "className": "Scaffold",
  "na": {
    "body": {
      "className": "NestedScrollView",
      "na": {
        "headerSliverBuilder": {
          "className": "Sugar.isNestedScrollViewHeaderSliversBuilder",
          "na": {
            "context": "^(context)",
            "innerBoxIsScrolled": false,
            "headerSliverBuilder": [
              {
                "className": "SliverAppBar",
                "na": {
                  "pinned": true,
                  "stretch": true,
                  "expandedHeight": 200,
                  "snap": false,
                  "elevation": 0,
                  "backgroundColor": "#(Colors.white)",
                  "leading": {
                    "className": "IconButton",
                    "na": {
                      "icon": {
                        "className": "Image.network",
                        "pa": [
                          "https://pic3.58cdn.com.cn/nowater/frs/n_v30298bfe0255a4f42a38399e559dadd1e.png"
                        ],
                        "na": {
                          "height": 22,
                          "width": 22
                        }
                      }
                    }
                  },
                  "flexibleSpace": {
                    "className": "FlexibleSpaceBar",
                    "na": {
                      "title": {
                        "className": "Row",
                        "na": {
                          "children": [
                            {
                              "className": "Padding",
                              "na": {
                                "padding": {
                                  "className": "EdgeInsets.fromLTRB",
                                  "pa": [
                                    50,
                                    10,
                                    10,
                                    2
                                  ]
                                },
                                "child": {
                                  "className": "Text",
                                  "pa": [
                                    "欢迎来到妮妮朋友圈"
                                  ],
                                  "na": {
                                    "style": {
                                      "className": "TextStyle",
                                      "na": {
                                        "color": {
                                          "className": "Color",
                                          "pa": [
                                            "0xFF333333"
                                          ]
                                        },
                                        "fontWeight": "#(FontWeight.w700)",
                                        "fontSize": 17
                                      }
                                    }
                                  }
                                }
                              }
                            }
                          ]
                        }
                      },
                      "centerTitle": true,
                      "background": {
                        "className": "Image.network",
                        "pa": [
                          "https://img1.baidu.com/it/u=1500716295,3279382336&fm=253&fmt=auto&app=120&f=JPEG"
                        ],
                        "na": {
                          "fit": "#(BoxFit.fill)"
                        }
                      }
                    }
                  }
                }
              }
            ]
          }
        },
        "body": {
          "className": "Container",
          "na": {
            "color": "#(Colors.white)",
            "child": {
              "className": "Sugar.ifEqualBool",
              "pa": [
                "%(isDataEmpty)"
              ],
              "na": {
                "trueValue": {
                  "className": "Center",
                  "na": {
                    "child": {
                      "className": "Text",
                      "pa": [
                        "加载中..."
                      ]
                    }
                  }
                },
                "falseValue": {
                  "className": "Sugar.listBuilder",
                  "na": {
                    "itemCount": "%(dataLength)",
                    "itemBuilder": {
                      "className": "Container",
                      "na": {
                        "child": {
                          "className": "Padding",
                          "na": {
                            "padding": {
                              "className": "EdgeInsets.fromLTRB",
                              "pa": [
                                20,
                                10,
                                20,
                                20
                              ]
                            },
                            "child": {
                              "className": "Column",
                              "na": {
                                "children": [
                                  {
                                    "className": "Row",
                                    "na": {
                                      "children": [
                                        {
                                          "className": "Expanded",
                                          "na": {
                                            "child": {
                                              "className": "Row",
                                              "na": {
                                                "children": [
                                                  {
                                                    "className": "CircleAvatar",
                                                    "na": {
                                                      "radius": 30,
                                                      "backgroundImage": {
                                                        "className": "NetworkImage",
                                                        "pa": [
                                                          "%(_getAvatar(^(index)))"
                                                        ]
                                                      }
                                                    }
                                                  },
                                                  {
                                                    "className": "SizedBox",
                                                    "na": {
                                                      "width": 20
                                                    }
                                                  },
                                                  {
                                                    "className": "Text",
                                                    "pa": [
                                                      "%(_getUsername(^(index)))"
                                                    ],
                                                    "na": {
                                                      "style": {
                                                        "className": "TextStyle",
                                                        "na": {
                                                          "fontSize": 15,
                                                          "fontWeight": "#(FontWeight.bold)",
                                                          "decoration": "#(TextDecoration.none)",
                                                          "color": "#(Colors.black)"
                                                        }
                                                      }
                                                    }
                                                  }
                                                ]
                                              }
                                            }
                                          }
                                        },
                                        {
                                          "className": "Container",
                                          "na": {
                                            "width": 30,
                                            "height": 30,
                                            "child": {
                                              "className": "Image.network",
                                              "pa": [
                                                "https://pic6.58cdn.com.cn/nowater/frs/n_v33db8caaa95cc4d1eb9426e9b991bed34.png"
                                              ]
                                            }
                                          }
                                        }
                                      ]
                                    }
                                  },
                                  {
                                    "className": "Padding",
                                    "na": {
                                      "padding": {
                                        "className": "EdgeInsets.fromLTRB",
                                        "pa": [
                                          10,
                                          10,
                                          10,
                                          10
                                        ]
                                      },
                                      "child": {
                                        "className": "Row",
                                        "na": {
                                          "children": [
                                            {
                                              "className": "Expanded",
                                              "na": {
                                                "child": {
                                                  "className": "Text",
                                                  "pa": [
                                                    "%(_getContent(^(index)))"
                                                  ],
                                                  "na": {
                                                    "style": {
                                                      "className": "TextStyle",
                                                      "na": {
                                                        "fontSize": 15,
                                                        "fontWeight": "#(FontWeight.bold)",
                                                        "decoration": "#(TextDecoration.none)",
                                                        "color": "#(Colors.black)"
                                                      }
                                                    }
                                                  }
                                                }
                                              }
                                            }
                                          ]
                                        }
                                      }
                                    }
                                  },
                                  {
                                    "className": "Card",
                                    "na": {
                                      "child": {
                                        "className": "Image",
                                        "na": {
                                          "image": {
                                            "className": "NetworkImage",
                                            "pa": [
                                              "%(_getPicture(^(index)))"
                                            ]
                                          }
                                        }
                                      }
                                    }
                                  },
                                  {
                                    "className": "Padding",
                                    "na": {
                                      "padding": {
                                        "className": "EdgeInsets.fromLTRB",
                                        "pa": [
                                          10,
                                          10,
                                          10,
                                          10
                                        ]
                                      },
                                      "child": {
                                        "className": "Row",
                                        "na": {
                                          "children": [
                                            {
                                              "className": "Expanded",
                                              "na": {
                                                "child": {
                                                  "className": "Row",
                                                  "na": {
                                                    "children": [
                                                      {
                                                        "className": "SizedBox",
                                                        "na": {
                                                          "width": 30,
                                                          "height": 30,
                                                          "child": {
                                                            "className": "Image.network",
                                                            "pa": [
                                                              "https://pic7.58cdn.com.cn/nowater/frs/n_v35812c5fc830e49d991d5e17633729392.png"
                                                            ]
                                                          }
                                                        }
                                                      },
                                                      {
                                                        "className": "SizedBox",
                                                        "na": {
                                                          "width": 15
                                                        }
                                                      },
                                                      {
                                                        "className": "Text",
                                                        "pa": [
                                                          "%(_getLikes(^(index)))"
                                                        ],
                                                        "na": {
                                                          "style": {
                                                            "className": "TextStyle",
                                                            "na": {
                                                              "fontSize": 15,
                                                              "fontWeight": "#(FontWeight.bold)",
                                                              "decoration": "#(TextDecoration.none)",
                                                              "color": "#(Colors.black54)"
                                                            }
                                                          }
                                                        }
                                                      },
                                                      {
                                                        "className": "SizedBox",
                                                        "na": {
                                                          "width": 30
                                                        }
                                                      },
                                                      {
                                                        "className": "SizedBox",
                                                        "na": {
                                                          "width": 30,
                                                          "height": 30,
                                                          "child": {
                                                            "className": "Image.network",
                                                            "pa": [
                                                              "https://pic4.58cdn.com.cn/nowater/frs/n_v3c264a2d3f9864ecabd8f05ee944ccafe.png"
                                                            ]
                                                          }
                                                        }
                                                      },
                                                      {
                                                        "className": "SizedBox",
                                                        "na": {
                                                          "width": 15
                                                        }
                                                      },
                                                      {
                                                        "className": "Text",
                                                        "pa": [
                                                          "%(_getComments(^(index)))"
                                                        ],
                                                        "na": {
                                                          "style": {
                                                            "className": "TextStyle",
                                                            "na": {
                                                              "fontSize": 15,
                                                              "fontWeight": "#(FontWeight.bold)",
                                                              "decoration": "#(TextDecoration.none)",
                                                              "color": "#(Colors.black54)"
                                                            }
                                                          }
                                                        }
                                                      }
                                                    ]
                                                  }
                                                }
                                              }
                                            },
                                            {
                                              "className": "SizedBox",
                                              "na": {
                                                "width": 30,
                                                "height": 30,
                                                "child": {
                                                  "className": "Image.network",
                                                  "pa": [
                                                    "https://pic7.58cdn.com.cn/nowater/frs/n_v33e401d24fa6f44a1ac7a7d3319eef7e6.png"
                                                  ]
                                                }
                                              }
                                            }
                                          ]
                                        }
                                      }
                                    }
                                  }
                                ]
                              }
                            }
                          }
                        }
                      },
                      "functionParameters": {
                        "pa": [
                          "context",
                          "index"
                        ]
                      }
                    }
                  }
                }
              }
            }
          }
        }
      }
    }
  },
  "methodMap": {},
  "digest": "7efa1308d5af7322f96d200cc66d4e95"
}