{
  "className": "Scaffold",
  "na": {
    "resizeToAvoidBottomInset": false,
    "body": {
      "className": "Container",
      "na": {
        "decoration": {
          "className": "BoxDecoration",
          "na": {
            "image": {
              "className": "DecorationImage",
              "na": {
                "fit": "#(BoxFit.fill)",
                "image": {
                  "className": "NetworkImage",
                  "pa": [
                    "https://pic3.58cdn.com.cn/nowater/frs/n_v3d3d6d8fe3a6a4212b8d40aca6b343012.jpg"
                  ]
                }
              }
            }
          }
        },
        "child": {
          "className": "Column",
          "na": {
            "children": [
              {
                "className": "Container",
                "na": {
                  "margin": {
                    "className": "EdgeInsets.only",
                    "na": {
                      "top": 50
                    }
                  },
                  "child": {
                    "className": "Image.network",
                    "pa": [
                      "https://pic1.58cdn.com.cn/nowater/frs/n_v3862a7fea83c746b78a46a16e00812310.png"
                    ],
                    "na": {
                      "height": 50,
                      "width": 50
                    }
                  }
                }
              },
              {
                "className": "Container",
                "na": {
                  "margin": {
                    "className": "EdgeInsets.only",
                    "na": {
                      "top": 20
                    }
                  },
                  "child": {
                    "className": "Text",
                    "pa": [
                      "登录页"
                    ],
                    "na": {
                      "style": {
                        "className": "TextStyle",
                        "na": {
                          "color": "#(Colors.white)",
                          "fontSize": 25,
                          "fontWeight": "#(FontWeight.bold)"
                        }
                      }
                    }
                  }
                }
              },
              {
                "className": "Container",
                "na": {
                  "margin": {
                    "className": "EdgeInsets.only",
                    "na": {
                      "left": 20,
                      "right": 20,
                      "top": 20
                    }
                  },
                  "padding": {
                    "className": "EdgeInsets.symmetric",
                    "na": {
                      "horizontal": 10
                    }
                  },
                  "decoration": {
                    "className": "BoxDecoration",
                    "na": {
                      "color": "#(Colors.white)",
                      "borderRadius": {
                        "className": "BorderRadius.circular",
                        "pa": [
                          10
                        ]
                      }
                    }
                  },
                  "child": {
                    "className": "TextField",
                    "na": {
                      "decoration": {
                        "className": "InputDecoration",
                        "na": {
                          "border": "#(InputBorder.none)",
                          "hintText": "Email Address",
                          "contentPadding": {
                            "className": "EdgeInsets.symmetric",
                            "na": {
                              "vertical": 20
                            }
                          }
                        }
                      }
                    }
                  }
                }
              },
              {
                "className": "Container",
                "na": {
                  "margin": {
                    "className": "EdgeInsets.only",
                    "na": {
                      "left": 20,
                      "right": 20,
                      "top": 10
                    }
                  },
                  "padding": {
                    "className": "EdgeInsets.symmetric",
                    "na": {
                      "horizontal": 10
                    }
                  },
                  "decoration": {
                    "className": "BoxDecoration",
                    "na": {
                      "color": "#(Colors.white)",
                      "borderRadius": {
                        "className": "BorderRadius.circular",
                        "pa": [
                          10
                        ]
                      }
                    }
                  },
                  "child": {
                    "className": "TextField",
                    "na": {
                      "obscureText": true,
                      "decoration": {
                        "className": "InputDecoration",
                        "na": {
                          "border": "#(InputBorder.none)",
                          "hintText": "Password",
                          "contentPadding": {
                            "className": "EdgeInsets.symmetric",
                            "na": {
                              "vertical": 20
                            }
                          }
                        }
                      }
                    }
                  }
                }
              },
              {
                "className": "Container",
                "na": {
                  "decoration": {
                    "className": "BoxDecoration",
                    "na": {
                      "color": "#(Colors.greenAccent)",
                      "borderRadius": {
                        "className": "BorderRadius.circular",
                        "pa": [
                          8
                        ]
                      }
                    }
                  },
                  "margin": {
                    "className": "EdgeInsets.only",
                    "na": {
                      "left": 40,
                      "right": 40,
                      "top": 20
                    }
                  },
                  "alignment": "#(Alignment.center)",
                  "height": 60,
                  "child": {
                    "className": "Text",
                    "pa": [
                      "Login"
                    ],
                    "na": {
                      "style": {
                        "className": "TextStyle",
                        "na": {
                          "fontSize": 16,
                          "color": "#(Colors.white)"
                        }
                      }
                    }
                  }
                }
              },
              {
                "className": "Container",
                "na": {
                  "margin": {
                    "className": "EdgeInsets.only",
                    "na": {
                      "top": 30
                    }
                  },
                  "child": {
                    "className": "Text",
                    "pa": [
                      "Forget Password?"
                    ],
                    "na": {
                      "style": {
                        "className": "TextStyle",
                        "na": {
                          "fontSize": 18,
                          "color": "#(Colors.white)",
                          "fontWeight": "#(FontWeight.bold)"
                        }
                      }
                    }
                  }
                }
              },
              {
                "className": "Container",
                "na": {
                  "margin": {
                    "className": "EdgeInsets.only",
                    "na": {
                      "top": 30
                    }
                  },
                  "child": {
                    "className": "Text",
                    "pa": [
                      "Or use a social account to login"
                    ],
                    "na": {
                      "style": {
                        "className": "TextStyle",
                        "na": {
                          "fontSize": 13,
                          "color": {
                            "className": "Sugar.colorsWithOpacity",
                            "pa": [
                              "#(Colors.white)",
                              0.8
                            ]
                          }
                        }
                      }
                    }
                  }
                }
              },
              {
                "className": "Container",
                "na": {
                  "margin": {
                    "className": "EdgeInsets.only",
                    "na": {
                      "top": 20
                    }
                  },
                  "child": {
                    "className": "Row",
                    "na": {
                      "mainAxisSize": "#(MainAxisSize.min)",
                      "children": [
                        {
                          "className": "Image.network",
                          "pa": [
                            "https://pic8.58cdn.com.cn/nowater/frs/n_v3858e1e07b41147329939e41903a444cc.png"
                          ],
                          "na": {
                            "height": 50,
                            "width": 50,
                            "fit": "#(BoxFit.cover)"
                          }
                        },
                        {
                          "className": "SizedBox",
                          "na": {
                            "width": 10
                          }
                        },
                        {
                          "className": "Image.network",
                          "pa": [
                            "https://pic5.58cdn.com.cn/nowater/frs/n_v3d139c179b97946458a1abd1d9598659f.png"
                          ],
                          "na": {
                            "height": 50,
                            "width": 50,
                            "fit": "#(BoxFit.cover)"
                          }
                        },
                        {
                          "className": "SizedBox",
                          "na": {
                            "width": 10
                          }
                        },
                        {
                          "className": "Image.network",
                          "pa": [
                            "https://pic2.58cdn.com.cn/nowater/frs/n_v3730125696e36437da2921e8506477bf8.png"
                          ],
                          "na": {
                            "height": 50,
                            "width": 50,
                            "fit": "#(BoxFit.cover)"
                          }
                        },
                        {
                          "className": "SizedBox",
                          "na": {
                            "width": 10
                          }
                        },
                        {
                          "className": "Image.network",
                          "pa": [
                            "https://pic4.58cdn.com.cn/nowater/frs/n_v37cda806f6e7448089b880888447f89c8.png"
                          ],
                          "na": {
                            "height": 50,
                            "width": 50,
                            "fit": "#(BoxFit.cover)"
                          }
                        }
                      ]
                    }
                  }
                }
              }
            ]
          }
        }
      }
    }
  },
  "methodMap": {},
  "digest": "eb65d3597473ea40139bca4400a4f6e1"
}