{
  "className": "Scaffold",
  "na": {
    "appBar": {
      "className": "AppBar",
      "na": {
        "leading": {
          "className": "BackButton"
        },
        "title": {
          "className": "Text",
          "pa": [
            "AppBar"
          ]
        },
        "centerTitle": true,
        "toolbarHeight": 55,
        "primary": true,
        "backgroundColor": "#(Colors.blue)",
        "toolbarOpacity": 1,
        "actions": []
      }
    }
  },
  "methodMap": {},
  "digest": "87be77e1bf8a2dc5abe9ac7e9ed3d779"
}