{
  "className": "Scaffold",
  "na": {
    "appBar": {
      "className": "AppBar",
      "na": {
        "title": {
          "className": "Text",
          "pa": [
            "StaggeredView模版"
          ]
        }
      }
    },
    "floatingActionButton": {
      "className": "FloatingActionButton",
      "na": {
        "onPressed": "@(requestData)",
        "child": {
          "className": "Icon",
          "pa": [
            "#(Icons.add)"
          ]
        }
      }
    },
    "body": {
      "className": "Sugar.ifEqualBool",
      "pa": [
        "%(isDataEmpty)"
      ],
      "na": {
        "trueValue": {
          "className": "Center",
          "na": {
            "child": {
              "className": "Text",
              "pa": [
                "加载中..."
              ]
            }
          }
        },
        "falseValue": {
          "className": "StaggeredGrid.count",
          "na": {
            "crossAxisCount": 2,
            "mainAxisSpacing": 10,
            "crossAxisSpacing": 5,
            "children": {
              "className": "Sugar.map",
              "pa": [
                "^(_listData)"
              ],
              "na": {
                "builder": {
                  "className": "AspectRatio",
                  "na": {
                    "aspectRatio": 1.5,
                    "child": {
                      "className": "ClipRRect",
                      "na": {
                        "borderRadius": {
                          "className": "BorderRadius.all",
                          "pa": [
                            {
                              "className": "Radius.circular",
                              "pa": [
                                4.0
                              ]
                            }
                          ]
                        },
                        "child": {
                          "className": "Image.network",
                          "pa": [
                            "$(item.picUrl)"
                          ],
                          "na": {
                            "fit": "#(BoxFit.cover)"
                          }
                        }
                      }
                    }
                  }
                }
              }
            }
          }
        }
      }
    }
  },
  "methodMap": {}
}